[
	{
		"country": "Afghanistan",
		"calling_code": "93",
		"abbreviation": "AF",
		"city": "Kabul",
		"continent": "Asia",
		"currency_code": "AFN",
		"currency_name": "Afghanistan Afghani",
		"tld": ".af",
		"government": "Islamic Emirate",
		"independence": "1919",
		"expectancy": "45.9",
		"dish": "Kabuli palaw",
		"population": "38,190,135",
		"location": "Southern and Central Asia"
	},
	{
		"country": "Albania",
		"calling_code": "355",
		"abbreviation": "AL",
		"city": "Tirana",
		"continent": "Europe",
		"currency_code": "ALL",
		"currency_name": "Albanian Lek",
		"tld": ".al",
		"government": "Republic",
		"independence": "1912",
		"expectancy": "71.6",
		"dish": "Tavë kosi",
		"population": "2,930,187",
		"location": "Southern Europe"
	},
	{
		"country": "Algeria",
		"calling_code": "213",
		"abbreviation": "DZ",
		"city": "Alger",
		"continent": "Africa",
		"currency_code": "DZD",
		"currency_name": "Algerian Dinar",
		"tld": ".dz",
		"government": "Republic",
		"independence": "1962",
		"expectancy": "69.7",
		"dish": "Couscous",
		"population": "41,318,142",
		"location": "Northern Africa"
	},
	{
		"country": "American Samoa",
		"calling_code": "1684",
		"abbreviation": "AS",
		"city": "Fagatogo",
		"continent": "Oceania",
		"currency_code": "USD",
		"currency_name": "US Dollar",
		"tld": ".as",
		"government": "US Territory",
		"expectancy": "75.1",
		"dish": "Vaisalo",
		"population": "55,641",
		"location": "Polynesia"
	},
	{
		"country": "Andorra",
		"calling_code": "376",
		"abbreviation": "AD",
		"city": "Andorra la Vella",
		"continent": "Europe",
		"currency_code": "EUR",
		"currency_name": "Euro",
		"tld": ".ad",
		"government": "Parliamentary Coprincipality",
		"independence": "1278",
		"expectancy": "83.5",
		"dish": "Escudella",
		"population": "76,965",
		"location": "Southern Europe"
	},
	{
		"country": "Angola",
		"calling_code": "244",
		"abbreviation": "AO",
		"city": "Luanda",
		"continent": "Africa",
		"currency_code": "AOA",
		"currency_name": "Angolan Kwanza",
		"tld": ".ao",
		"government": "Republic",
		"independence": "1975",
		"expectancy": "38.3",
		"dish": "Moamba de galinha",
		"population": "29,784,193",
		"location": "Central Africa"
	},
	{
		"country": "Anguilla",
		"calling_code": "1264",
		"abbreviation": "AI",
		"city": "The Valley",
		"continent": "North America",
		"currency_code": "XCD",
		"currency_name": "East Caribbean Dollar",
		"tld": ".ai",
		"government": "Dependent Territory of the UK",
		"expectancy": "76.1",
		"population": "14,909",
		"location": "Caribbean"
	},
	{
		"country": "Antarctica",
		"calling_code": "N/A",
		"abbreviation": "AQ",
		"city": "N/A",
		"continent": "Antarctica",
		"currency_code": "XCD",
		"currency_name": "East Caribbean Dollar",
		"tld": ".aq",
		"government": "Co-administrated",
		"independence": "N/A",
		"expectancy": "N/A",
		"dish": "N/A",
		"population": "No permanent residents",
		"location": "Antarctica"
	},
	{
		"country": "Antigua and Barbuda",
		"calling_code": "1268",
		"abbreviation": "AG",
		"city": "Saint John's",
		"continent": "North America",
		"currency_code": "XCD",
		"currency_name": "East Caribbean Dollar",
		"tld": ".ag",
		"government": "Constitutional Monarchy",
		"independence": "1981",
		"expectancy": "70.5",
		"dish": "Pepperpot, Fungee",
		"population": "102,012",
		"location": "Caribbean"
	},
	{
		"country": "Argentina",
		"calling_code": "54",
		"abbreviation": "AR",
		"city": "Buenos Aires",
		"continent": "South America",
		"currency_code": "ARS",
		"currency_name": "Argentine Peso",
		"tld": ".ar",
		"government": "Federal Republic",
		"independence": "1816",
		"expectancy": "75.1",
		"dish": "Asado",
		"population": "44,271,041",
		"location": "South America"
	},
	{
		"country": "Armenia",
		"calling_code": "374",
		"abbreviation": "AM",
		"city": "Yerevan",
		"continent": "Asia",
		"currency_code": "AMD",
		"currency_name": "Armenian Dram",
		"tld": ".am",
		"government": "Republic",
		"independence": "1991",
		"expectancy": "66.4",
		"dish": "Harissa, Dolma, Khorovats",
		"population": "2,930,450",
		"location": "Middle East"
	},
	{
		"country": "Aruba",
		"calling_code": "297",
		"abbreviation": "AW",
		"city": "Oranjestad",
		"continent": "North America",
		"currency_code": "AWG",
		"currency_name": "Aruban Guilder",
		"tld": ".aw",
		"government": "Nonmetropolitan Territory of The Netherlands",
		"expectancy": "78.4",
		"dish": "Keshi yena",
		"population": "105,264",
		"location": "Caribbean"
	},
	{
		"country": "Australia",
		"calling_code": "61",
		"abbreviation": "AU",
		"city": "Canberra",
		"continent": "Oceania",
		"currency_code": "AUD",
		"currency_name": "Australian Dollar",
		"tld": ".au",
		"government": "Federation Constitutional Monarchy",
		"independence": "1901",
		"expectancy": "79.8",
		"dish": "Meat pie, Roast lamb",
		"population": "24,450,561",
		"location": "Australia and New Zealand"
	},
	{
		"country": "Austria",
		"calling_code": "43",
		"abbreviation": "AT",
		"city": "Wien",
		"continent": "Europe",
		"currency_code": "EUR",
		"currency_name": "Euro",
		"tld": ".at",
		"government": "Federal Republic",
		"independence": "1918",
		"expectancy": "77.7",
		"dish": "Wiener schnitzel, Tafelspitz",
		"population": "8,735,453",
		"location": "Western Europe"
	},
	{
		"country": "Azerbaijan",
		"calling_code": "994",
		"abbreviation": "AZ",
		"city": "Baku",
		"continent": "Asia",
		"currency_code": "AZN",
		"currency_name": "Azerbaijan New Manat",
		"tld": ".az",
		"government": "Federal Republic",
		"independence": "1991",
		"expectancy": "62.9",
		"dish": "Plov",
		"population": "9,827,589",
		"location": "Middle East"
	},
	{
		"country": "Bahamas",
		"calling_code": "1242",
		"abbreviation": "BS",
		"city": "Nassau",
		"continent": "North America",
		"currency_code": "BSD",
		"currency_name": "Bahamian Dollar",
		"tld": ".bs",
		"government": "Constitutional Monarchy",
		"independence": "1973",
		"expectancy": "71.1",
		"dish": "Crack conch with peas and rice",
		"population": "395,361",
		"location": "Caribbean"
	},
	{
		"country": "Bahrain",
		"calling_code": "973",
		"abbreviation": "BH",
		"city": "al-Manama",
		"continent": "Asia",
		"currency_code": "BHD",
		"currency_name": "Bahraini Dinar",
		"tld": ".bh",
		"government": "Monarchy (Emirate)",
		"independence": "1971",
		"expectancy": "73",
		"dish": "Chicken Machboos",
		"population": "1,492,584",
		"location": "Middle East"
	},
	{
		"country": "Bangladesh",
		"calling_code": "880",
		"abbreviation": "BD",
		"city": "Dhaka",
		"continent": "Asia",
		"currency_code": "BDT",
		"currency_name": "Bangladeshi Taka",
		"tld": ".bd",
		"government": "Republic",
		"independence": "1971",
		"expectancy": "60.2",
		"dish": "Rice, Fish, Chicken Korma",
		"population": "164,669,751",
		"location": "Southern and Central Asia"
	},
	{
		"country": "Barbados",
		"calling_code": "1246",
		"abbreviation": "BB",
		"city": "Bridgetown",
		"continent": "North America",
		"currency_code": "BBD",
		"currency_name": "Barbados Dollar",
		"tld": ".bb",
		"government": "Constitutional Monarchy",
		"independence": "1966",
		"expectancy": "73",
		"dish": "Cou-Cou and Flying Fish",
		"population": "285,719",
		"location": "Caribbean"
	},
	{
		"country": "Belarus",
		"calling_code": "375",
		"abbreviation": "BY",
		"city": "Minsk",
		"continent": "Europe",
		"currency_code": "BYR",
		"currency_name": "Belarussian Ruble",
		"tld": ".by",
		"government": "Republic",
		"independence": "1991",
		"expectancy": "68",
		"dish": "Draniki",
		"population": "9,468,338",
		"location": "Eastern Europe"
	},
	{
		"country": "Belgium",
		"calling_code": "32",
		"abbreviation": "BE",
		"city": "Bruxelles [Brussel]",
		"continent": "Europe",
		"currency_code": "EUR",
		"currency_name": "Euro",
		"tld": ".be",
		"government": "Federation Constitutional Monarchy",
		"independence": "1830",
		"expectancy": "77.8",
		"dish": "Moules-frites",
		"population": "11,429,336",
		"location": "Western Europe"
	},
	{
		"country": "Belize",
		"calling_code": "501",
		"abbreviation": "BZ",
		"city": "Belmopan",
		"continent": "North America",
		"currency_code": "BZD",
		"currency_name": "Belize Dollar",
		"tld": ".bz",
		"government": "Constitutional Monarchy",
		"independence": "1981",
		"expectancy": "70.9",
		"dish": "Boil up",
		"population": "374,681",
		"location": "Central America"
	},
	{
		"country": "Benin",
		"calling_code": "229",
		"abbreviation": "BJ",
		"city": "Porto-Novo",
		"continent": "Africa",
		"currency_code": "XOF",
		"currency_name": "CFA Franc BCEAO",
		"tld": ".bj",
		"government": "Republic",
		"independence": "1960",
		"expectancy": "50.2",
		"population": "11,175,692",
		"location": "Western Africa"
	},
	{
		"country": "Bermuda",
		"calling_code": "1441",
		"abbreviation": "BM",
		"city": "Hamilton",
		"continent": "North America",
		"currency_code": "BMD",
		"currency_name": "Bermudian Dollar",
		"tld": ".bm",
		"government": "Dependent Territory of the UK",
		"expectancy": "76.9",
		"dish": "Bermuda fish chowder",
		"population": "61,349",
		"location": "North America"
	},
	{
		"country": "Bhutan",
		"calling_code": "975",
		"abbreviation": "BT",
		"city": "Thimphu",
		"continent": "Asia",
		"currency_code": "BTN",
		"currency_name": "Bhutan Ngultrum",
		"tld": ".bt",
		"government": "Monarchy",
		"independence": "1910",
		"expectancy": "52.4",
		"dish": "Ema datshi",
		"population": "807,610",
		"location": "Southern and Central Asia"
	},
	{
		"country": "Bolivia",
		"calling_code": "591",
		"abbreviation": "BO",
		"city": "La Paz",
		"continent": "South America",
		"currency_code": "BOB",
		"currency_name": "Boliviano",
		"tld": ".bo",
		"government": "Republic",
		"independence": "1825",
		"expectancy": "63.7",
		"dish": "Salteñas",
		"population": "11,051,600",
		"location": "South America"
	},
	{
		"country": "Bosnia and Herzegovina",
		"calling_code": "387",
		"abbreviation": "BA",
		"city": "Sarajevo",
		"continent": "Europe",
		"currency_code": "BAM",
		"tld": ".ba",
		"government": "Federal Republic",
		"independence": "1992",
		"expectancy": "71.5",
		"dish": "Bosnian pot",
		"population": "3,507,017",
		"location": "Southern Europe"
	},
	{
		"country": "Botswana",
		"calling_code": "267",
		"abbreviation": "BW",
		"city": "Gaborone",
		"continent": "Africa",
		"currency_code": "BWP",
		"currency_name": "Botswana Pula",
		"tld": ".bw",
		"government": "Republic",
		"independence": "1966",
		"expectancy": "39.3",
		"dish": "Seswaa",
		"population": "2,291,661",
		"location": "Southern Africa"
	},
	{
		"country": "Bouvet Island",
		"calling_code": "N/A",
		"abbreviation": "BV",
		"continent": "Antarctica",
		"currency_code": "NOK",
		"currency_name": "Norwegian Krone",
		"tld": ".bv",
		"government": "Dependent Territory of Norway",
		"population": "Uninhabited",
		"location": "Antarctica"
	},
	{
		"country": "Brazil",
		"calling_code": "55",
		"abbreviation": "BR",
		"city": "Brasília",
		"continent": "South America",
		"currency_code": "BRL",
		"currency_name": "Brazilian Real",
		"tld": ".br",
		"government": "Federal Republic",
		"independence": "1822",
		"expectancy": "62.9",
		"dish": "Feijoada",
		"population": "209,288,278",
		"location": "South America"
	},
	{
		"country": "British Indian Ocean Territory",
		"calling_code": "246",
		"abbreviation": "IO",
		"continent": "Africa",
		"currency_code": "USD",
		"currency_name": "US Dollar",
		"tld": ".io",
		"government": "Dependent Territory of the UK",
		"location": "Eastern Africa"
	},
	{
		"country": "Brunei",
		"calling_code": "N/A",
		"abbreviation": "BN",
		"city": "Bandar Seri Begawan",
		"continent": "Asia",
		"currency_code": "BND",
		"tld": ".bn",
		"government": "Monarchy (Sultanate)",
		"independence": "1984",
		"expectancy": "73.6",
		"dish": "Ambuyat",
		"population": "428,697",
		"location": "Southeast Asia"
	},
	{
		"country": "Bulgaria",
		"calling_code": "359",
		"abbreviation": "BG",
		"city": "Sofia",
		"continent": "Europe",
		"currency_code": "BGN",
		"currency_name": "Bulgarian Lev",
		"tld": ".bg",
		"government": "Republic",
		"independence": "1908",
		"expectancy": "70.9",
		"dish": "Banitsa, Bob chorba",
		"population": "7,084,571",
		"location": "Eastern Europe"
	},
	{
		"country": "Burkina Faso",
		"calling_code": "226",
		"abbreviation": "BF",
		"city": "Ouagadougou",
		"continent": "Africa",
		"currency_code": "XOF",
		"currency_name": "CFA Franc BCEAO",
		"tld": ".bf",
		"government": "Republic",
		"independence": "1960",
		"expectancy": "46.7",
		"population": "19,193,382",
		"location": "Western Africa"
	},
	{
		"country": "Burundi",
		"calling_code": "257",
		"abbreviation": "BI",
		"city": "Bujumbura",
		"continent": "Africa",
		"currency_code": "BIF",
		"currency_name": "Burundi Franc",
		"tld": ".bi",
		"government": "Republic",
		"independence": "1962",
		"expectancy": "46.2",
		"population": "10,864,245",
		"location": "Eastern Africa"
	},
	{
		"country": "Cambodia",
		"calling_code": "855",
		"abbreviation": "KH",
		"city": "Phnom Penh",
		"continent": "Asia",
		"currency_code": "KHR",
		"currency_name": "Kampuchean Riel",
		"tld": ".kh",
		"government": "Constitutional Monarchy",
		"independence": "1953",
		"expectancy": "56.5",
		"dish": "Amok trey",
		"population": "16,005,373",
		"location": "Southeast Asia"
	},
	{
		"country": "Cameroon",
		"calling_code": "237",
		"abbreviation": "CM",
		"city": "Yaound",
		"continent": "Africa",
		"currency_code": "XAF",
		"currency_name": "CFA Franc BEAC",
		"tld": ".cm",
		"government": "Republic",
		"independence": "1960",
		"expectancy": "54.8",
		"dish": "Ndolé",
		"population": "24,053,727",
		"location": "Central Africa"
	},
	{
		"country": "Canada",
		"calling_code": "1",
		"abbreviation": "CA",
		"city": "Ottawa",
		"continent": "North America",
		"currency_code": "CAD",
		"currency_name": "Canadian Dollar",
		"tld": ".ca",
		"government": "Constitutional Monarchy, Federation",
		"independence": "1867",
		"expectancy": "79.4",
		"dish": "Poutine",
		"population": "36,624,199",
		"location": "North America"
	},
	{
		"country": "Cape Verde",
		"calling_code": "N/A",
		"abbreviation": "CV",
		"city": "Praia",
		"continent": "Africa",
		"currency_code": "CVE",
		"currency_name": "Cape Verde Escudo",
		"tld": ".cv",
		"government": "Republic",
		"independence": "1975",
		"expectancy": "68.9",
		"dish": "Cachupa",
		"population": "546,388",
		"location": "Western Africa"
	},
	{
		"country": "Cayman Islands",
		"calling_code": "1345",
		"abbreviation": "KY",
		"city": "George Town",
		"continent": "North America",
		"currency_code": "KYD",
		"currency_name": "Cayman Islands Dollar",
		"tld": ".ky",
		"government": "Dependent Territory of the UK",
		"expectancy": "78.9",
		"population": "61,559",
		"location": "Caribbean"
	},
	{
		"country": "Central African Republic",
		"calling_code": "236",
		"abbreviation": "CF",
		"city": "Bangui",
		"continent": "Africa",
		"currency_code": "XAF",
		"currency_name": "CFA Franc BEAC",
		"tld": ".cf",
		"government": "Republic",
		"independence": "1960",
		"expectancy": "44",
		"population": "4,659,080",
		"location": "Central Africa"
	},
	{
		"country": "Chad",
		"calling_code": "235",
		"abbreviation": "TD",
		"city": "N'Djam",
		"continent": "Africa",
		"currency_code": "XAF",
		"tld": ".td",
		"government": "Republic",
		"independence": "1960",
		"expectancy": "50.5",
		"population": "14,899,994",
		"location": "Central Africa"
	},
	{
		"country": "Chile",
		"calling_code": "56",
		"abbreviation": "CL",
		"city": "Santiago de Chile",
		"continent": "South America",
		"currency_code": "CLP",
		"currency_name": "Chilean Peso",
		"tld": ".cl",
		"government": "Republic",
		"independence": "1810",
		"expectancy": "75.7",
		"dish": "Empanada",
		"population": "18,054,726",
		"location": "South America"
	},
	{
		"country": "China",
		"calling_code": "86",
		"abbreviation": "CN",
		"city": "Peking",
		"continent": "Asia",
		"currency_code": "CNY",
		"currency_name": "Yuan Renminbi",
		"tld": ".cn",
		"government": "People's Republic",
		"independence": "-1523",
		"expectancy": "71.4",
		"dish": "Peking Duck",
		"population": "1,409,517,397",
		"location": "Eastern Asia"
	},
	{
		"country": "Christmas Island",
		"calling_code": "61",
		"abbreviation": "CX",
		"city": "Flying Fish Cove",
		"continent": "Oceania",
		"currency_code": "AUD",
		"currency_name": "Australian Dollar",
		"tld": ".cx",
		"government": "Territory of Australia",
		"population": "2,500",
		"location": "Australia and New Zealand"
	},
	{
		"country": "Cocos (Keeling) Islands",
		"calling_code": "61",
		"abbreviation": "CC",
		"city": "West Island",
		"continent": "Oceania",
		"currency_code": "AUD",
		"currency_name": " Australian Dollar",
		"tld": ".cc",
		"government": "Territory of Australia",
		"population": "600",
		"location": "Australia and New Zealand"
	},
	{
		"country": "Colombia",
		"calling_code": "57",
		"abbreviation": "CO",
		"city": "Santaf",
		"continent": "South America",
		"currency_code": "COP",
		"currency_name": "Colombian Peso",
		"tld": ".co",
		"government": "Republic",
		"independence": "1810",
		"expectancy": "70.3",
		"dish": "Ajiaco, Bandeja paisa",
		"population": "49,065,615",
		"location": "South America"
	},
	{
		"country": "Comoros",
		"calling_code": "269",
		"abbreviation": "KM",
		"city": "Moroni",
		"continent": "Africa",
		"currency_code": "KMF",
		"currency_name": "Comoros Franc",
		"tld": ".km",
		"government": "Republic",
		"independence": "1975",
		"expectancy": "60",
		"population": "813,912",
		"location": "Eastern Africa"
	},
	{
		"country": "Congo",
		"calling_code": "242",
		"abbreviation": "CG",
		"city": "Brazzaville",
		"continent": "Africa",
		"currency_code": "XAF",
		"currency_name": "CFA Franc BEAC",
		"tld": ".cg",
		"government": "Republic",
		"independence": "1960",
		"expectancy": "47.4",
		"population": "5,260,750",
		"location": "Central Africa"
	},
	{
		"country": "Cook Islands",
		"calling_code": "682",
		"abbreviation": "CK",
		"city": "Avarua",
		"continent": "Oceania",
		"currency_code": "NZD",
		"currency_name": "New Zealand Dollar",
		"tld": ".ck",
		"government": "Nonmetropolitan Territory of New Zealand",
		"expectancy": "71.1",
		"population": "17,380",
		"location": "Polynesia"
	},
	{
		"country": "Costa Rica",
		"calling_code": "506",
		"abbreviation": "CR",
		"city": "San Jos",
		"continent": "North America",
		"currency_code": "CRC",
		"currency_name": "Costa Rican Colon",
		"tld": ".cr",
		"government": "Republic",
		"independence": "1821",
		"expectancy": "75.8",
		"dish": "Gallo pinto",
		"population": "4,905,769",
		"location": "Central America"
	},
	{
		"country": "Croatia",
		"calling_code": "385",
		"abbreviation": "HR",
		"city": "Zagreb",
		"continent": "Europe",
		"currency_code": "HRK",
		"currency_name": "Croatian Kuna",
		"tld": ".hr",
		"government": "Republic",
		"independence": "1991",
		"expectancy": "73.7",
		"dish": "Istrian stew",
		"population": "4,189,353",
		"location": "Southern Europe"
	},
	{
		"country": "Cuba",
		"calling_code": "53",
		"abbreviation": "CU",
		"city": "La Habana",
		"continent": "North America",
		"currency_code": "CUP",
		"currency_name": "Cuban Peso",
		"tld": ".cu",
		"government": "Socialistic Republic",
		"independence": "1902",
		"expectancy": "76.2",
		"dish": "Ropa vieja, Moros y cristianos",
		"population": "11,484,636",
		"location": "Caribbean"
	},
	{
		"country": "Cyprus",
		"calling_code": "357",
		"abbreviation": "CY",
		"city": "Nicosia",
		"continent": "Asia",
		"currency_code": "EUR",
		"currency_name": "Euro",
		"tld": ".cy",
		"government": "Republic",
		"independence": "1960",
		"expectancy": "76.7",
		"dish": "Fasolada",
		"population": "1,179,551",
		"location": "Middle East"
	},
	{
		"country": "Czech Republic",
		"calling_code": "420",
		"abbreviation": "CZ",
		"city": "Praha",
		"continent": "Europe",
		"currency_code": "CZK",
		"tld": ".cz",
		"government": "Republic",
		"independence": "1993",
		"expectancy": "74.5",
		"dish": "roast pork with dumplings and sauerkraut",
		"population": "10,618,303",
		"location": "Eastern Europe"
	},
	{
		"country": "Denmark",
		"calling_code": "45",
		"abbreviation": "DK",
		"city": "Copenhagen",
		"continent": "Europe",
		"currency_code": "DKK",
		"currency_name": "Danish Krone",
		"tld": ".dk",
		"government": "Constitutional Monarchy",
		"independence": "800",
		"expectancy": "76.5",
		"dish": "fried pork and potato-based dish",
		"population": "5,733,551",
		"location": "Nordic Countries"
	},
	{
		"country": "Djibouti",
		"calling_code": "253",
		"abbreviation": "DJ",
		"city": "Djibouti",
		"continent": "Africa",
		"currency_code": "DJF",
		"currency_name": "Djibouti Franc",
		"tld": ".dj",
		"government": "Republic",
		"independence": "1977",
		"expectancy": "50.8",
		"population": "956,985",
		"location": "Eastern Africa"
	},
	{
		"country": "Dominica",
		"calling_code": "1767",
		"abbreviation": "DM",
		"city": "Roseau",
		"continent": "North America",
		"currency_code": "XCD",
		"currency_name": "East Caribbean Dollar",
		"tld": ".dm",
		"government": "Republic",
		"independence": "1978",
		"expectancy": "73.4",
		"dish": "Mountain chicken, Fish broth",
		"population": "73,925",
		"location": "Caribbean"
	},
	{
		"country": "Dominican Republic",
		"calling_code": "1849",
		"abbreviation": "DO",
		"city": "Santo Domingo de Guzm",
		"continent": "North America",
		"currency_code": "DOP",
		"currency_name": "Dominican Peso",
		"tld": ".do",
		"government": "Republic",
		"independence": "1844",
		"expectancy": "73.2",
		"dish": "rice, red beans, and meat",
		"population": "10,766,998",
		"location": "Caribbean"
	},
	{
		"country": "East Timor",
		"calling_code": "670",
		"abbreviation": "TP",
		"city": "Dili",
		"continent": "Asia",
		"currency_code": "USD",
		"tld": ".tl",
		"government": "Administrated by the UN",
		"expectancy": "46",
		"population": "1,296,311",
		"location": "Southeast Asia"
	},
	{
		"country": "Ecuador",
		"calling_code": "593",
		"abbreviation": "EC",
		"city": "Quito",
		"continent": "South America",
		"currency_code": "ECS",
		"currency_name": "Ecuador Sucre",
		"tld": ".ec",
		"government": "Republic",
		"independence": "1822",
		"expectancy": "71.1",
		"dish": "Encebollado, Fritada,Guatitas,",
		"population": "16,624,858",
		"location": "South America"
	},
	{
		"country": "Egypt",
		"calling_code": "20",
		"abbreviation": "EG",
		"city": "Cairo",
		"continent": "Africa",
		"currency_code": "EGP",
		"currency_name": "Egyptian Pound",
		"tld": ".eg",
		"government": "Republic",
		"independence": "1922",
		"expectancy": "63.3",
		"dish": "Ful medames, kushari,",
		"population": "97,553,151",
		"location": "Northern Africa"
	},
	{
		"country": "El Salvador",
		"calling_code": "503",
		"abbreviation": "SV",
		"city": "San Salvador",
		"continent": "North America",
		"currency_code": "SVC",
		"currency_name": "El Salvador Colon",
		"tld": ".sv",
		"government": "Republic",
		"independence": "1841",
		"expectancy": "69.7",
		"dish": "Pupusa",
		"population": "6,377,853",
		"location": "Central America"
	},
	{
		"country": "England",
		"calling_code": "N/A",
		"abbreviation": "GQ",
		"city": "London",
		"currency_code": "GBP",
		"dish": "Beef,(especially roast beef/corned beef),Pudding",
		"population": "55,977,000"
	},
	{
		"country": "Equatorial Guinea",
		"calling_code": "240",
		"abbreviation": "ER",
		"city": "Malabo",
		"continent": "Africa",
		"currency_code": "XAF",
		"currency_name": "CFA Franc BEAC",
		"tld": ".gq",
		"government": "Republic",
		"independence": "1968",
		"expectancy": "53.6",
		"population": "1,267,689",
		"location": "Central Africa"
	},
	{
		"country": "Eritrea",
		"calling_code": "291",
		"abbreviation": "EE",
		"city": "Asmara",
		"continent": "Africa",
		"currency_code": "ERN",
		"currency_name": "Eritrean Nakfa",
		"tld": ".er",
		"government": "Republic",
		"independence": "1993",
		"expectancy": "55.8",
		"dish": "Zigini with injera, Gored gored, raw meat",
		"population": "5,068,831",
		"location": "Eastern Africa"
	},
	{
		"country": "Estonia",
		"calling_code": "372",
		"abbreviation": "ET",
		"city": "Tallinn",
		"continent": "Europe",
		"currency_code": "EUR",
		"currency_name": "Euro",
		"tld": ".ee",
		"government": "Republic",
		"independence": "1991",
		"expectancy": "69.5",
		"dish": "sauerkraut stew",
		"population": "1,309,632",
		"location": "Baltic Countries"
	},
	{
		"country": "Ethiopia",
		"calling_code": "251",
		"abbreviation": "FK",
		"city": "Addis Abeba",
		"continent": "Africa",
		"currency_code": "ETB",
		"currency_name": "Ethiopian Birr",
		"tld": ".et",
		"government": "Republic",
		"independence": "-1000",
		"expectancy": "45.2",
		"dish": "Wat with injera, Fit-fit",
		"population": "104,957,438",
		"location": "Eastern Africa"
	},
	{
		"country": "Falkland Islands",
		"calling_code": "500",
		"abbreviation": "FO",
		"city": "Stanley",
		"continent": "South America",
		"currency_code": "FKP",
		"tld": ".fk",
		"government": "Dependent Territory of the UK",
		"population": "2,910",
		"location": "South America"
	},
	{
		"country": "Faroe Islands",
		"calling_code": "298",
		"abbreviation": "FJ",
		"city": "Tórshavn",
		"continent": "Europe",
		"currency_code": "DKK",
		"currency_name": " Danish Krone",
		"government": "Part of Denmark",
		"expectancy": "78.4",
		"population": "49,290",
		"location": "Nordic Countries"
	},
	{
		"country": "Fiji Islands",
		"calling_code": "N/A",
		"abbreviation": "FI",
		"city": "Suva",
		"continent": "Oceania",
		"currency_code": "FJD",
		"tld": ".fj",
		"government": "Republic",
		"independence": "1970",
		"expectancy": "67.9",
		"population": "905,502",
		"location": "Melanesia"
	},
	{
		"country": "Finland",
		"calling_code": "358",
		"abbreviation": "FR",
		"city": "Helsinki [Helsingfors]",
		"continent": "Europe",
		"currency_code": "EUR",
		"currency_name": "Euro",
		"tld": ".fi",
		"government": "Republic",
		"independence": "1917",
		"expectancy": "77.4",
		"dish": "Karjalanpaisti,Mämmi, Sautéed reindeer",
		"population": "5,523,231",
		"location": "Nordic Countries"
	},
	{
		"country": "France",
		"calling_code": "33",
		"abbreviation": "GF",
		"city": "Paris",
		"continent": "Europe",
		"currency_code": "EUR",
		"currency_name": "Euro",
		"tld": ".fr",
		"government": "Republic",
		"independence": "843",
		"expectancy": "78.8",
		"dish": "Crêpe, Pot-au-feu,Macaron, Bisque",
		"population": "64,979,548",
		"location": "Western Europe"
	},
	{
		"country": "French Guiana",
		"calling_code": "594",
		"abbreviation": "PF",
		"city": "Cayenne",
		"continent": "South America",
		"currency_code": "EUR",
		"currency_name": "Euro",
		"tld": ".gf",
		"government": "Overseas Department of France",
		"expectancy": "76.1",
		"population": "282,731",
		"location": "South America"
	},
	{
		"country": "French Polynesia",
		"calling_code": "689",
		"abbreviation": "TF",
		"city": "Papeete",
		"continent": "Oceania",
		"currency_code": "XPF",
		"tld": ".pf",
		"government": "Nonmetropolitan Territory of France",
		"expectancy": "74.8",
		"population": "283,007",
		"location": "Polynesia"
	},
	{
		"country": "French Southern territories",
		"calling_code": "N/A",
		"abbreviation": "GA",
		"continent": "Antarctica",
		"currency_code": "EUR",
		"currency_name": "Euro",
		"tld": ".tf",
		"government": "Nonmetropolitan Territory of France",
		"location": "Antarctica"
	},
	{
		"country": "Gabon",
		"calling_code": "241",
		"abbreviation": "GM",
		"city": "Libreville",
		"continent": "Africa",
		"currency_code": "XAF",
		"currency_name": "CFA Franc BEAC",
		"tld": ".ga",
		"government": "Republic",
		"independence": "1960",
		"expectancy": "50.1",
		"dish": "Poulet Nyembwe",
		"population": "2,025,137",
		"location": "Central Africa"
	},
	{
		"country": "Gambia",
		"calling_code": "220",
		"abbreviation": "GE",
		"city": "Banjul",
		"continent": "Africa",
		"currency_code": "GMD",
		"currency_name": "Gambian Dalasi",
		"tld": ".gm",
		"government": "Republic",
		"independence": "1965",
		"expectancy": "53.2",
		"population": "2,100,568",
		"location": "Western Africa"
	},
	{
		"country": "Georgia",
		"calling_code": "995",
		"abbreviation": "DE",
		"city": "Tbilisi",
		"continent": "Asia",
		"currency_code": "GEL",
		"currency_name": "Georgian Lari",
		"tld": ".ge",
		"government": "Republic",
		"independence": "1991",
		"expectancy": "64.5",
		"dish": "Khachapuri, khinkali",
		"population": "3,912,061",
		"location": "Middle East"
	},
	{
		"country": "Germany",
		"calling_code": "49",
		"abbreviation": "GH",
		"city": "Berlin",
		"continent": "Europe",
		"currency_code": "EUR",
		"currency_name": "Euro",
		"tld": ".de",
		"government": "Federal Republic",
		"independence": "1955",
		"expectancy": "77.4",
		"dish": "Currywurst, Sauerbraten, Bratwurst",
		"population": "82,114,224",
		"location": "Western Europe"
	},
	{
		"country": "Ghana",
		"calling_code": "233",
		"abbreviation": "GI",
		"city": "Accra",
		"continent": "Africa",
		"currency_code": "GHS",
		"currency_name": "Ghanaian Cedi",
		"tld": ".gh",
		"government": "Republic",
		"independence": "1957",
		"expectancy": "57.4",
		"dish": "Fufu",
		"population": "28,833,629",
		"location": "Western Africa"
	},
	{
		"country": "Gibraltar",
		"calling_code": "350",
		"abbreviation": "GR",
		"city": "Gibraltar",
		"continent": "Europe",
		"currency_code": "GIP",
		"currency_name": "Gibraltar Pound",
		"tld": ".gi",
		"government": "Dependent Territory of the UK",
		"expectancy": "79",
		"population": "34,571",
		"location": "Southern Europe"
	},
	{
		"country": "Greece",
		"calling_code": "30",
		"abbreviation": "GL",
		"city": "Athenai",
		"continent": "Europe",
		"currency_code": "EUR",
		"currency_name": "Euro",
		"tld": ".gr",
		"government": "Republic",
		"independence": "1830",
		"expectancy": "78.4",
		"dish": "Fasolada,Moussaka, Souvlaki",
		"population": "11,159,773",
		"location": "Southern Europe"
	},
	{
		"country": "Greenland",
		"calling_code": "299",
		"abbreviation": "GD",
		"city": "Nuuk",
		"continent": "North America",
		"currency_code": "DKK",
		"currency_name": "Danish Krone",
		"tld": ".gl",
		"government": "Part of Denmark",
		"expectancy": "68.1",
		"dish": "Kiviak",
		"population": "56,480",
		"location": "North America"
	},
	{
		"country": "Grenada",
		"calling_code": "1473",
		"abbreviation": "GP",
		"city": "Saint George's",
		"continent": "North America",
		"currency_code": "XCD",
		"currency_name": "East Carribean Dollar",
		"tld": ".gd",
		"government": "Constitutional Monarchy",
		"independence": "1974",
		"expectancy": "64.5",
		"dish": "Oil Down",
		"population": "107,825",
		"location": "Caribbean"
	},
	{
		"country": "Guadeloupe",
		"calling_code": "590",
		"abbreviation": "GU",
		"city": "Basse-Terre",
		"continent": "North America",
		"currency_code": "EUR",
		"tld": ".gp",
		"government": "Overseas Department of France",
		"expectancy": "77",
		"population": "449,568",
		"location": "Caribbean"
	},
	{
		"country": "Guam",
		"calling_code": "1671",
		"abbreviation": "GT",
		"city": "Aga",
		"continent": "Oceania",
		"currency_code": "USD",
		"tld": ".gu",
		"government": "US Territory",
		"expectancy": "77.8",
		"population": "164,229",
		"location": "Micronesia"
	},
	{
		"country": "Guatemala",
		"calling_code": "502",
		"abbreviation": "GG",
		"city": "Ciudad de Guatemala",
		"continent": "North America",
		"currency_code": "QTQ",
		"currency_name": "Guatemalan Quetzal",
		"tld": ".gt",
		"government": "Republic",
		"independence": "1821",
		"expectancy": "66.2",
		"dish": "Fiambre, Pepian (hearty meat stew)",
		"population": "16,913,503",
		"location": "Central America"
	},
	{
		"country": "Guinea",
		"calling_code": "224",
		"abbreviation": "GN",
		"city": "Conakry",
		"continent": "Africa",
		"currency_code": "GNF",
		"currency_name": "Guinea Franc",
		"tld": ".gn",
		"government": "Republic",
		"independence": "1958",
		"expectancy": "45.6",
		"population": "12,717,176",
		"location": "Western Africa"
	},
	{
		"country": "Guinea-Bissau",
		"calling_code": "245",
		"abbreviation": "GW",
		"city": "Bissau",
		"continent": "Africa",
		"currency_code": "CFA",
		"tld": ".gw",
		"government": "Republic",
		"independence": "1974",
		"expectancy": "49",
		"population": "1,861,283",
		"location": "Western Africa"
	},
	{
		"country": "Guyana",
		"calling_code": "592",
		"abbreviation": "GY",
		"city": "Georgetown",
		"continent": "South America",
		"currency_code": "GYD",
		"currency_name": "Guyana Dollar",
		"tld": ".gy",
		"government": "Republic",
		"independence": "1966",
		"expectancy": "64",
		"dish": "Pepperpot",
		"population": "777,859",
		"location": "South America"
	},
	{
		"country": "Haiti",
		"calling_code": "509",
		"abbreviation": "HT",
		"city": "Port-au-Prince",
		"continent": "North America",
		"currency_code": "HTG",
		"currency_name": "Haitian Gourde",
		"tld": ".ht",
		"government": "Republic",
		"independence": "1804",
		"expectancy": "49.2",
		"dish": "Red beans and rice",
		"population": "10,981,229",
		"location": "Caribbean"
	},
	{
		"country": "Heard Island and McDonald Islands",
		"calling_code": "N/A",
		"abbreviation": "HM",
		"continent": "Antarctica",
		"currency_code": "AUD",
		"currency_name": "Australian Dollar",
		"tld": ".hm",
		"government": "Territory of Australia",
		"location": "Antarctica"
	},
	{
		"country": "Holy See (Vatican City State)",
		"calling_code": "N/A",
		"abbreviation": "VA",
		"city": "Citt",
		"continent": "Europe",
		"currency_code": "EUR",
		"tld": ".va",
		"government": "Independent Church State",
		"independence": "1929",
		"population": "1,000",
		"location": "Southern Europe"
	},
	{
		"country": "Honduras",
		"calling_code": "504",
		"abbreviation": "HN",
		"city": "Tegucigalpa",
		"continent": "North America",
		"currency_code": "HNL",
		"currency_name": "Honduran Lempira",
		"tld": ".hn",
		"government": "Republic",
		"independence": "1838",
		"expectancy": "69.9",
		"dish": "Baleada, Carne asada, Sopa de Caracol (Conch Soup)",
		"population": "9,265,067",
		"location": "Central America"
	},
	{
		"country": "Hong Kong",
		"calling_code": "852",
		"abbreviation": "HK",
		"city": "Victoria",
		"continent": "Asia",
		"currency_code": "HKD",
		"currency_name": "Hong Kong Dollar",
		"tld": ".hk",
		"government": "Special Administrative Region of China",
		"expectancy": "79.5",
		"dish": "Char siu",
		"population": "7,364,883",
		"location": "Eastern Asia"
	},
	{
		"country": "Hungary",
		"calling_code": "36",
		"abbreviation": "HU",
		"city": "Budapest",
		"continent": "Europe",
		"currency_code": "HUF",
		"currency_name": "Hungarian Forint",
		"tld": ".hu",
		"government": "Republic",
		"independence": "1918",
		"expectancy": "71.4",
		"dish": "Gulyás,",
		"population": "9,721,559",
		"location": "Eastern Europe"
	},
	{
		"country": "Iceland",
		"calling_code": "354",
		"abbreviation": "IS",
		"city": "Reykjav",
		"continent": "Europe",
		"currency_code": "ISK",
		"currency_name": "Iceland Krona",
		"tld": ".is",
		"government": "Republic",
		"independence": "1944",
		"expectancy": "79.4",
		"dish": "Hákarl, Þorramatur",
		"population": "335,025",
		"location": "Nordic Countries"
	},
	{
		"country": "India",
		"calling_code": "91",
		"abbreviation": "IN",
		"city": "New Delhi",
		"continent": "Asia",
		"currency_code": "INR",
		"currency_name": "Indian Rupee",
		"tld": ".in",
		"government": "Federal Republic",
		"independence": "1947",
		"expectancy": "62.5",
		"dish": "No officially announced national dish",
		"population": "1,339,180,127",
		"location": "Southern and Central Asia"
	},
	{
		"country": "Indonesia",
		"calling_code": "62",
		"abbreviation": "ID",
		"city": "Jakarta",
		"continent": "Asia",
		"currency_code": "IDR",
		"currency_name": "Indonesian Rupiah",
		"tld": ".id",
		"government": "Republic",
		"independence": "1945",
		"expectancy": "70.1",
		"dish": "Tumpeng Sate,Soto,Nasi goreng",
		"population": "263,991,379",
		"location": "Southeast Asia"
	},
	{
		"country": "Iran",
		"calling_code": "98",
		"abbreviation": "IR",
		"city": "Tehran",
		"continent": "Asia",
		"currency_code": "IRR",
		"currency_name": "Iranian Rial",
		"tld": ".ir",
		"government": "Islamic Republic",
		"independence": "1906",
		"expectancy": "69.7",
		"dish": "Chelo kabab, Ghormeh sabzi",
		"population": "81,162,788",
		"location": "Southern and Central Asia"
	},
	{
		"country": "Iraq",
		"calling_code": "964",
		"abbreviation": "IQ",
		"city": "Baghdad",
		"continent": "Asia",
		"currency_code": "IQD",
		"currency_name": "Iraqi Dinar",
		"tld": ".iq",
		"government": "Republic",
		"independence": "1932",
		"expectancy": "66.5",
		"dish": "Samak masgouf,Kleicha",
		"population": "38,274,618",
		"location": "Middle East"
	},
	{
		"country": "Ireland",
		"calling_code": "353",
		"abbreviation": "IE",
		"city": "Dublin",
		"continent": "Europe",
		"currency_code": "EUR",
		"currency_name": "Euro",
		"tld": ".ie",
		"government": "Republic",
		"independence": "1921",
		"expectancy": "76.8",
		"dish": "Colcannon,Irish stew",
		"population": "4,761,657",
		"location": "British Isles"
	},
	{
		"country": "Israel",
		"calling_code": "972",
		"abbreviation": "IM",
		"city": "Jerusalem",
		"continent": "Asia",
		"currency_code": "ILS",
		"currency_name": "Israeli New Shekel",
		"tld": ".il",
		"government": "Republic",
		"independence": "1948",
		"expectancy": "78.6",
		"dish": "Hummus, falafel, Meorav Yerushalmi",
		"population": "8,321,570",
		"location": "Middle East"
	},
	{
		"country": "Italy",
		"calling_code": "39",
		"abbreviation": "IL",
		"city": "Roma",
		"continent": "Europe",
		"currency_code": "EUR",
		"currency_name": "Euro",
		"tld": ".it",
		"government": "Republic",
		"independence": "1861",
		"expectancy": "79",
		"dish": "Pasta,Polenta,Pizza, Risotto",
		"population": "59,359,900",
		"location": "Southern Europe"
	},
	{
		"country": "Ivory Coast",
		"calling_code": "225",
		"abbreviation": "IT",
		"city": "Yamoussoukro",
		"continent": "Africa",
		"currency_code": "XOF",
		"currency_name": "CFA Franc BCEAO",
		"tld": ".ci",
		"government": "Republic",
		"independence": "1960",
		"expectancy": "45.2",
		"dish": "Fufu, Kedjenou",
		"population": "24,294,750",
		"location": "Western Africa"
	},
	{
		"country": "Jamaica",
		"calling_code": "1876",
		"abbreviation": "CI",
		"city": "Kingston",
		"continent": "North America",
		"currency_code": "JMD",
		"currency_name": "Jamaican Dollar",
		"tld": ".jm",
		"government": "Constitutional Monarchy",
		"independence": "1962",
		"expectancy": "75.2",
		"dish": "Ackee and Saltfish, Jamaican patty",
		"population": "2,890,299",
		"location": "Caribbean"
	},
	{
		"country": "Japan",
		"calling_code": "81",
		"abbreviation": "JM",
		"city": "Tokyo",
		"continent": "Asia",
		"currency_code": "JPY",
		"currency_name": "Japanese Yen",
		"tld": ".jp",
		"government": "Constitutional Monarchy",
		"independence": "-660",
		"expectancy": "80.7",
		"dish": "Sushi, Japanese curry,Ramen",
		"population": "127,484,450",
		"location": "Eastern Asia"
	},
	{
		"country": "Jordan",
		"calling_code": "962",
		"abbreviation": "JP",
		"city": "Amman",
		"continent": "Asia",
		"currency_code": "JOD",
		"currency_name": "Jordanian Dinar",
		"tld": ".jo",
		"government": "Constitutional Monarchy",
		"independence": "1946",
		"expectancy": "77.4",
		"dish": "Mansaf",
		"population": "9,702,353",
		"location": "Middle East"
	},
	{
		"country": "Kazakhstan",
		"calling_code": "7",
		"abbreviation": "JE",
		"city": "Astana",
		"continent": "Asia",
		"currency_code": "KZT",
		"tld": ".kz",
		"government": "Republic",
		"independence": "1991",
		"expectancy": "63.2",
		"population": "18,204,499",
		"location": "Southern and Central Asia"
	},
	{
		"country": "Kenya",
		"calling_code": "254",
		"abbreviation": "JO",
		"city": "Nairobi",
		"continent": "Africa",
		"currency_code": "KES",
		"currency_name": "Kenyan Shilling",
		"tld": ".ke",
		"government": "Republic",
		"independence": "1963",
		"expectancy": "48",
		"dish": "Ugali, Sukuma wiki, Nyama choma",
		"population": "Kenya",
		"location": "Eastern Africa"
	},
	{
		"country": "Kiribati",
		"calling_code": "686",
		"abbreviation": "KZ",
		"city": "Bairiki",
		"continent": "Oceania",
		"currency_code": "AUD",
		"currency_name": "Australian Dollar",
		"tld": ".ki",
		"government": "Republic",
		"independence": "1979",
		"expectancy": "59.8",
		"dish": "Palusami",
		"population": "116,398",
		"location": "Micronesia"
	},
	{
		"country": "Kuwait",
		"calling_code": "965",
		"abbreviation": "KE",
		"city": "Kuwait",
		"continent": "Asia",
		"currency_code": "KWD",
		"currency_name": "Kuwaiti Dinar",
		"tld": ".kw",
		"government": "Constitutional Monarchy (Emirate)",
		"independence": "1961",
		"expectancy": "76.1",
		"dish": "Machboos",
		"population": "4,136,528",
		"location": "Middle East"
	},
	{
		"country": "Kyrgyzstan",
		"calling_code": "996",
		"abbreviation": "KI",
		"city": "Bishkek",
		"continent": "Asia",
		"currency_code": "KGS",
		"currency_name": "Som",
		"tld": ".kg",
		"government": "Republic",
		"independence": "1991",
		"expectancy": "63.4",
		"dish": "Beshbarmak, Laghman, Kuurdak",
		"population": "6,045,117",
		"location": "Southern and Central Asia"
	},
	{
		"country": "Laos",
		"calling_code": "856",
		"abbreviation": "KW",
		"city": "Vientiane",
		"continent": "Asia",
		"currency_code": "LAK",
		"currency_name": "Lao Kip",
		"tld": ".la",
		"government": "Republic",
		"independence": "1953",
		"expectancy": "53.1",
		"dish": "Tum Mak Hoong (Som Tum, its Thai name)",
		"population": "6,858,160",
		"location": "Southeast Asia"
	},
	{
		"country": "Latvia",
		"calling_code": "371",
		"abbreviation": "KG",
		"city": "Riga",
		"continent": "Europe",
		"currency_code": "LVL",
		"currency_name": "Latvian Lats",
		"tld": ".lv",
		"government": "Republic",
		"independence": "1991",
		"expectancy": "68.4",
		"dish": "Latke",
		"population": "1,949,670",
		"location": "Baltic Countries"
	},
	{
		"country": "Lebanon",
		"calling_code": "961",
		"abbreviation": "LA",
		"city": "Beirut",
		"continent": "Asia",
		"currency_code": "LBP",
		"currency_name": "Lebanese Pound",
		"tld": ".lb",
		"government": "Republic",
		"independence": "1941",
		"expectancy": "71.3",
		"dish": "Kibbeh",
		"population": "6,082,357",
		"location": "Middle East"
	},
	{
		"country": "Lesotho",
		"calling_code": "266",
		"abbreviation": "LV",
		"city": "Maseru",
		"continent": "Africa",
		"currency_code": "LSL",
		"currency_name": "Lesotho Loti",
		"tld": ".ls",
		"government": "Constitutional Monarchy",
		"independence": "1966",
		"expectancy": "50.8",
		"population": "2,233,339",
		"location": "Southern Africa"
	},
	{
		"country": "Liberia",
		"calling_code": "231",
		"abbreviation": "LB",
		"city": "Monrovia",
		"continent": "Africa",
		"currency_code": "LRD",
		"currency_name": "Liberian Dollar",
		"tld": ".lr",
		"government": "Republic",
		"independence": "1847",
		"expectancy": "51",
		"population": "4,731,906",
		"location": "Western Africa"
	},
	{
		"country": "Libyan Arab Jamahiriya",
		"calling_code": "N/A",
		"abbreviation": "LS",
		"city": "Tripoli",
		"continent": "Africa",
		"currency_code": "LYD",
		"tld": ".ly",
		"government": "Socialistic State",
		"independence": "1951",
		"expectancy": "75.5",
		"population": "5,605,000",
		"location": "Northern Africa"
	},
	{
		"country": "Liechtenstein",
		"calling_code": "423",
		"abbreviation": "LR",
		"city": "Vaduz",
		"continent": "Europe",
		"currency_code": "CHF",
		"currency_name": "Swiss Franc",
		"tld": ".li",
		"government": "Constitutional Monarchy",
		"independence": "1806",
		"expectancy": "78.8",
		"population": "37,922",
		"location": "Western Europe"
	},
	{
		"country": "Lithuania",
		"calling_code": "370",
		"abbreviation": "LY",
		"city": "Vilnius",
		"continent": "Europe",
		"currency_code": "LTL",
		"currency_name": "Lithuanian Litas",
		"tld": ".lt",
		"government": "Republic",
		"independence": "1991",
		"expectancy": "69.1",
		"dish": "Cepelinai",
		"population": "2,890,297",
		"location": "Baltic Countries"
	},
	{
		"country": "Luxembourg",
		"calling_code": "352",
		"abbreviation": "LI",
		"city": "Luxembourg [Luxemburg/L",
		"continent": "Europe",
		"currency_code": "EUR",
		"currency_name": "Euro",
		"tld": ".lu",
		"government": "Constitutional Monarchy",
		"independence": "1867",
		"expectancy": "77.1",
		"dish": "Judd mat Gaardebounen, Bouneschlupp",
		"population": "583,455",
		"location": "Western Europe"
	},
	{
		"country": "Macao",
		"calling_code": "N/A",
		"abbreviation": "LT",
		"city": "Macao",
		"continent": "Asia",
		"currency_code": "MOP",
		"tld": ".mo",
		"government": "Special Administrative Region of China",
		"expectancy": "81.6",
		"population": "473,000",
		"location": "Eastern Asia"
	},
	{
		"country": "North Macedonia",
		"calling_code": "389",
		"abbreviation": "LU",
		"city": "Skopje",
		"continent": "Europe",
		"currency_code": "MKD",
		"currency_name": "Denar",
		"tld": ".mk",
		"government": "Republic",
		"independence": "1991",
		"expectancy": "73.8",
		"dish": "Tavče Gravče",
		"population": "2,024,000",
		"location": "Southern Europe"
	},
	{
		"country": "Madagascar",
		"calling_code": "261",
		"abbreviation": "MO",
		"city": "Antananarivo",
		"continent": "Africa",
		"currency_code": "MGF",
		"currency_name": "Malagasy Franc",
		"tld": ".mg",
		"government": "Federal Republic",
		"independence": "1960",
		"expectancy": "55",
		"dish": "Romazava",
		"population": "25,570,895",
		"location": "Eastern Africa"
	},
	{
		"country": "Malawi",
		"calling_code": "265",
		"abbreviation": "MK",
		"city": "Lilongwe",
		"continent": "Africa",
		"currency_code": "MWK",
		"currency_name": "Malawi Kwacha",
		"tld": ".mw",
		"government": "Republic",
		"independence": "1964",
		"expectancy": "37.6",
		"population": "18,622,104",
		"location": "Eastern Africa"
	},
	{
		"country": "Malaysia",
		"calling_code": "60",
		"abbreviation": "MG",
		"city": "Kuala Lumpur",
		"continent": "Asia",
		"currency_code": "MYR",
		"currency_name": "Malaysian Ringgit",
		"tld": ".my",
		"government": "Constitutional Monarchy",
		"independence": "1957",
		"expectancy": "70.8",
		"dish": "Nasi lemak,Satay, Laksa, Roti canai",
		"population": "31,624,264",
		"location": "Southeast Asia"
	},
	{
		"country": "Maldives",
		"calling_code": "960",
		"abbreviation": "MW",
		"city": "Male",
		"continent": "Asia",
		"currency_code": "MVR",
		"currency_name": "Maldive Rufiyaa",
		"tld": ".mv",
		"government": "Republic",
		"independence": "1965",
		"expectancy": "62.2",
		"population": "436,330",
		"location": "Southern and Central Asia"
	},
	{
		"country": "Mali",
		"calling_code": "223",
		"abbreviation": "MY",
		"city": "Bamako",
		"continent": "Africa",
		"currency_code": "XOF",
		"currency_name": "CFA Franc BCEAO",
		"tld": ".ml",
		"government": "Republic",
		"independence": "1960",
		"expectancy": "46.7",
		"population": "18,541,980",
		"location": "Western Africa"
	},
	{
		"country": "Malta",
		"calling_code": "356",
		"abbreviation": "MV",
		"city": "Valletta",
		"continent": "Europe",
		"currency_code": "EUR",
		"currency_name": "Euro",
		"tld": ".mt",
		"government": "Republic",
		"independence": "1964",
		"expectancy": "77.9",
		"dish": "Pastizzi, Rabbit Stew (Fenkata)",
		"population": "430,835",
		"location": "Southern Europe"
	},
	{
		"country": "Marshall Islands",
		"calling_code": "692",
		"abbreviation": "ML",
		"city": "Dalap-Uliga-Darrit",
		"continent": "Oceania",
		"currency_code": "USD",
		"currency_name": "US Dollar",
		"tld": ".mh",
		"government": "Republic",
		"independence": "1990",
		"expectancy": "65.5",
		"population": "53,127",
		"location": "Micronesia"
	},
	{
		"country": "Martinique",
		"calling_code": "596",
		"abbreviation": "MT",
		"city": "Fort-de-France",
		"continent": "North America",
		"currency_code": "EUR",
		"tld": ".mq",
		"government": "Overseas Department of France",
		"expectancy": "78.3",
		"population": "384,896",
		"location": "Caribbean"
	},
	{
		"country": "Mauritania",
		"calling_code": "222",
		"abbreviation": "MH",
		"city": "Nouakchott",
		"continent": "Africa",
		"currency_code": "MRO",
		"currency_name": "Mauritanian Ouguiya",
		"tld": ".mr",
		"government": "Republic",
		"independence": "1960",
		"expectancy": "50.8",
		"dish": "Thieboudienne, Couscous",
		"population": "4,420,184",
		"location": "Western Africa"
	},
	{
		"country": "Mauritius",
		"calling_code": "230",
		"abbreviation": "MQ",
		"city": "Port-Louis",
		"continent": "Africa",
		"currency_code": "MUR",
		"currency_name": "Mauritius Rupee",
		"tld": ".mu",
		"government": "Republic",
		"independence": "1968",
		"expectancy": "71",
		"population": "1,265,138",
		"location": "Eastern Africa"
	},
	{
		"country": "Mayotte",
		"calling_code": "262",
		"abbreviation": "MR",
		"city": "Mamoutzou",
		"continent": "Africa",
		"currency_code": "EUR",
		"currency_name": "Euro",
		"tld": ".yt",
		"government": "Territorial Collectivity of France",
		"expectancy": "59.5",
		"population": "253,045",
		"location": "Eastern Africa"
	},
	{
		"country": "Mexico",
		"calling_code": "52",
		"abbreviation": "MU",
		"city": "Ciudad de M",
		"continent": "North America",
		"currency_code": "MXN",
		"currency_name": "Mexican Nuevo Peso",
		"tld": ".mx",
		"government": "Federal Republic",
		"independence": "1810",
		"expectancy": "71.5",
		"dish": "Tacos, Mole poblano,Chiles en nogada",
		"population": "129,163,276",
		"location": "Central America"
	},
	{
		"country": "Micronesia, Federated States of",
		"calling_code": "691",
		"abbreviation": "YT",
		"city": "Palikir",
		"currency_code": "USD",
		"government": "Federal Republic",
		"independence": "1990",
		"population": "105,544",
		"location": "Micronesia"
	},
	{
		"country": "Moldova",
		"calling_code": "373",
		"abbreviation": "MX",
		"city": "Chisinau",
		"continent": "Europe",
		"currency_code": "MDL",
		"currency_name": "Moldovan Leu",
		"tld": ".md",
		"government": "Republic",
		"independence": "1991",
		"expectancy": "64.5",
		"dish": "Mămăligă, Sarmale, Răcituri",
		"population": "4,051,212",
		"location": "Eastern Europe"
	},
	{
		"country": "Monaco",
		"calling_code": "377",
		"abbreviation": "FM",
		"city": "Monaco-Ville",
		"continent": "Europe",
		"currency_code": "EUR",
		"tld": ".mc",
		"government": "Constitutional Monarchy",
		"independence": "1861",
		"expectancy": "78.8",
		"population": "38,695",
		"location": "Western Europe"
	},
	{
		"country": "Mongolia",
		"calling_code": "976",
		"abbreviation": "MD",
		"city": "Ulan Bator",
		"continent": "Asia",
		"currency_code": "MNT",
		"currency_name": "Mongolian Tugrik",
		"tld": ".mn",
		"government": "Republic",
		"independence": "1921",
		"expectancy": "67.3",
		"dish": "Buuz",
		"population": "3,075,647",
		"location": "Eastern Asia"
	},
	{
		"country": "Montserrat",
		"calling_code": "1664",
		"abbreviation": "MC",
		"city": "Plymouth",
		"continent": "North America",
		"currency_code": "XCD",
		"currency_name": "East Caribbean Dollar",
		"tld": ".ms",
		"government": "Dependent Territory of the UK",
		"expectancy": "78",
		"population": "5,177",
		"location": "Caribbean"
	},
	{
		"country": "Morocco",
		"calling_code": "212",
		"abbreviation": "MN",
		"city": "Rabat",
		"continent": "Africa",
		"currency_code": "MAD",
		"currency_name": "Moroccan Dirham",
		"tld": ".ma",
		"government": "Constitutional Monarchy",
		"independence": "1956",
		"expectancy": "69.1",
		"dish": "Couscous, Tagine",
		"population": "35,739,580",
		"location": "Northern Africa"
	},
	{
		"country": "Mozambique",
		"calling_code": "258",
		"abbreviation": "ME",
		"city": "Maputo",
		"continent": "Africa",
		"currency_code": "MZN",
		"currency_name": "Mozambique Metical",
		"tld": ".mz",
		"government": "Republic",
		"independence": "1975",
		"expectancy": "37.5",
		"population": "29,668,834",
		"location": "Eastern Africa"
	},
	{
		"country": "Myanmar",
		"calling_code": "95",
		"abbreviation": "MS",
		"city": "Rangoon (Yangon)",
		"continent": "Asia",
		"currency_code": "MMR",
		"currency_name": "Myanmar Kyat",
		"tld": ".mm",
		"government": "Republic",
		"independence": "1948",
		"expectancy": "54.9",
		"population": "53,370,609",
		"location": "Southeast Asia"
	},
	{
		"country": "Namibia",
		"calling_code": "264",
		"abbreviation": "MA",
		"city": "Windhoek",
		"continent": "Africa",
		"currency_code": "NAD",
		"currency_name": "Namibian Dollar",
		"tld": ".na",
		"government": "Republic",
		"independence": "1990",
		"expectancy": "42.5",
		"population": "2,533,794",
		"location": "Southern Africa"
	},
	{
		"country": "Nauru",
		"calling_code": "674",
		"abbreviation": "MZ",
		"city": "Yaren",
		"continent": "Oceania",
		"currency_code": "AUD",
		"currency_name": "Australian Dollar",
		"tld": ".nr",
		"government": "Republic",
		"independence": "1968",
		"expectancy": "60.8",
		"population": "11,359",
		"location": "Micronesia"
	},
	{
		"country": "Nepal",
		"calling_code": "977",
		"abbreviation": "MM",
		"city": "Kathmandu",
		"continent": "Asia",
		"currency_code": "NPR",
		"currency_name": "Nepalese Rupee",
		"tld": ".np",
		"government": "Federal parliamentary republic",
		"independence": "1769",
		"expectancy": "57.8",
		"dish": "Dal bhat",
		"population": "29,304,998",
		"location": "Southern and Central Asia"
	},
	{
		"country": "Netherlands",
		"calling_code": "31",
		"abbreviation": "NA",
		"city": "Amsterdam",
		"continent": "Europe",
		"currency_code": "EUR",
		"currency_name": "Euro",
		"tld": ".nl",
		"government": "Constitutional Monarchy",
		"independence": "1581",
		"expectancy": "78.3",
		"dish": "Stamppot, hutspot",
		"population": "17,035,938",
		"location": "Western Europe"
	},
	{
		"country": "Netherlands Antilles",
		"calling_code": "N/A",
		"abbreviation": "NR",
		"city": "Willemstad",
		"continent": "North America",
		"currency_code": "ANG",
		"currency_name": "Netherlands Antillean Guilder",
		"tld": ".an",
		"government": "Nonmetropolitan Territory of The Netherlands",
		"expectancy": "74.7",
		"population": "217,000",
		"location": "Caribbean"
	},
	{
		"country": "New Caledonia",
		"calling_code": "687",
		"abbreviation": "NP",
		"city": "Noum",
		"continent": "Oceania",
		"currency_code": "XPF",
		"tld": ".nc",
		"government": "Nonmetropolitan Territory of France",
		"expectancy": "72.8",
		"population": "276,255",
		"location": "Melanesia"
	},
	{
		"country": "New Zealand",
		"calling_code": "64",
		"abbreviation": "NL",
		"city": "Wellington",
		"continent": "Oceania",
		"currency_code": "NZD",
		"currency_name": "New Zealand Dollar",
		"tld": ".nz",
		"government": "Constitutional Monarchy",
		"independence": "1907",
		"expectancy": "77.8",
		"dish": "Bacon and egg pie, lamb, pavlova",
		"population": "4,705,818",
		"location": "Australia and New Zealand"
	},
	{
		"country": "Nicaragua",
		"calling_code": "505",
		"abbreviation": "AN",
		"city": "Managua",
		"continent": "North America",
		"currency_code": "NIO",
		"currency_name": "Nicaraguan Cordoba Oro",
		"tld": ".ni",
		"government": "Republic",
		"independence": "1838",
		"expectancy": "68.7",
		"dish": "Gallo pinto",
		"population": "6,217,581",
		"location": "Central America"
	},
	{
		"country": "Niger",
		"calling_code": "227",
		"abbreviation": "NC",
		"city": "Niamey",
		"continent": "Africa",
		"currency_code": "XOF",
		"currency_name": "CFA Franc BCEAO",
		"tld": ".ne",
		"government": "Republic",
		"independence": "1960",
		"expectancy": "41.3",
		"population": "21,477,348",
		"location": "Western Africa"
	},
	{
		"country": "Nigeria",
		"calling_code": "234",
		"abbreviation": "NZ",
		"city": "Abuja",
		"continent": "Africa",
		"currency_code": "NGN",
		"currency_name": "Nigerian Naira",
		"tld": ".ng",
		"government": "Federal Republic",
		"independence": "1960",
		"expectancy": "51.6",
		"dish": "Jollof rice",
		"population": "190,886,311",
		"location": "Western Africa"
	},
	{
		"country": "Niue",
		"calling_code": "683",
		"abbreviation": "NI",
		"city": "Alofi",
		"continent": "Oceania",
		"currency_code": "NZD",
		"currency_name": "New Zealand Dollar",
		"tld": ".nu",
		"government": "Nonmetropolitan Territory of New Zealand",
		"population": "1,618",
		"location": "Polynesia"
	},
	{
		"country": "Norfolk Island",
		"calling_code": "672",
		"abbreviation": "NE",
		"city": "Kingston",
		"continent": "Oceania",
		"currency_code": "AUD",
		"currency_name": "Australian Dollar",
		"tld": ".nf",
		"government": "Territory of Australia",
		"population": "2,000",
		"location": "Australia and New Zealand"
	},
	{
		"country": "North Korea",
		"calling_code": "N/A",
		"abbreviation": "NG",
		"city": "Pyongyang",
		"continent": "Asia",
		"currency_code": "KPW",
		"currency_name": "North Korean Won",
		"tld": ".kp",
		"government": "Socialistic Republic",
		"independence": "1948",
		"expectancy": "70.7",
		"dish": "Galbi, Kimchi",
		"population": "25,490,965",
		"location": "Eastern Asia"
	},
	{
		"country": "Northern Ireland",
		"calling_code": "N/A",
		"abbreviation": "NU",
		"city": "Belfast",
		"currency_code": "GBP",
		"dish": "Ulster fry",
		"population": "1,889,300"
	},
	{
		"country": "Northern Mariana Islands",
		"calling_code": "1670",
		"abbreviation": "NF",
		"city": "Garapan",
		"continent": "Oceania",
		"currency_code": "USD",
		"currency_name": "US Dollar",
		"tld": ".mp",
		"government": "Commonwealth of the US",
		"expectancy": "75.5",
		"population": "55144",
		"location": "Micronesia"
	},
	{
		"country": "Norway",
		"calling_code": "47",
		"abbreviation": "KP",
		"city": "Oslo",
		"continent": "Europe",
		"currency_code": "NOK",
		"currency_name": "Norwegian Krone",
		"tld": ".no",
		"government": "Constitutional Monarchy",
		"independence": "1905",
		"expectancy": "78.7",
		"dish": "Fårikål",
		"population": "5,305,383",
		"location": "Nordic Countries"
	},
	{
		"country": "Oman",
		"calling_code": "968",
		"abbreviation": "GB",
		"city": "Masqat",
		"continent": "Asia",
		"currency_code": "OMR",
		"currency_name": "Omani Rial",
		"tld": ".om",
		"government": "Monarchy (Sultanate)",
		"independence": "1951",
		"expectancy": "71.8",
		"population": "4,636,262",
		"location": "Middle East"
	},
	{
		"country": "Pakistan",
		"calling_code": "92",
		"abbreviation": "MP",
		"city": "Islamabad",
		"continent": "Asia",
		"currency_code": "PKR",
		"currency_name": "Pakistan Rupee",
		"tld": ".pk",
		"government": "Republic",
		"independence": "1947",
		"expectancy": "61.1",
		"dish": "Biryani, Nihari",
		"population": "197,015,955",
		"location": "Southern and Central Asia"
	},
	{
		"country": "Palau",
		"calling_code": "680",
		"abbreviation": "NO",
		"city": "Koror",
		"continent": "Oceania",
		"currency_code": "USD",
		"currency_name": "US Dollar",
		"tld": ".pw",
		"government": "Republic",
		"independence": "1994",
		"expectancy": "68.6",
		"population": "21,729",
		"location": "Micronesia"
	},
	{
		"country": "Palestine",
		"calling_code": "N/A",
		"abbreviation": "OM",
		"city": "Gaza",
		"continent": "Asia",
		"tld": ".ps",
		"government": "Autonomous Area",
		"expectancy": "71.4",
		"dish": "Arab salad, Falafel, Mujaddara, Musakhan, Hummus with tahini",
		"population": "4,920,724",
		"location": "Middle East"
	},
	{
		"country": "Panama",
		"calling_code": "507",
		"abbreviation": "PK",
		"city": "Ciudad de Panam",
		"continent": "North America",
		"currency_code": "PAB",
		"currency_name": "Panamanian Balboa",
		"tld": ".pa",
		"government": "Republic",
		"independence": "1903",
		"expectancy": "75.5",
		"dish": "Sancocho de gallina",
		"population": "4,098,587",
		"location": "Central America"
	},
	{
		"country": "Papua New Guinea",
		"calling_code": "675",
		"abbreviation": "PW",
		"city": "Port Moresby",
		"continent": "Oceania",
		"currency_code": "PGK",
		"currency_name": "Papua New Guinea Kina",
		"tld": ".pg",
		"government": "Constitutional Monarchy",
		"independence": "1975",
		"expectancy": "63.1",
		"population": "8,251,162",
		"location": "Melanesia"
	},
	{
		"country": "Paraguay",
		"calling_code": "595",
		"abbreviation": "PS",
		"city": "Asunci",
		"continent": "South America",
		"currency_code": "PYG",
		"currency_name": "Paraguay Guarani",
		"tld": ".py",
		"government": "Republic",
		"independence": "1811",
		"expectancy": "73.7",
		"dish": "Sopa paraguaya",
		"population": "6,811,297",
		"location": "South America"
	},
	{
		"country": "Peru",
		"calling_code": "51",
		"abbreviation": "PA",
		"city": "Lima",
		"continent": "South America",
		"currency_code": "PEN",
		"currency_name": "Peruvian Nuevo Sol",
		"tld": ".pe",
		"government": "Republic",
		"independence": "1821",
		"expectancy": "70",
		"dish": "Ceviche",
		"population": "32,165,485",
		"location": "South America"
	},
	{
		"country": "Philippines",
		"calling_code": "63",
		"abbreviation": "PG",
		"city": "Manila",
		"continent": "Asia",
		"currency_code": "PHP",
		"currency_name": "Philippine Peso",
		"tld": ".ph",
		"government": "Republic",
		"independence": "1946",
		"expectancy": "67.5",
		"dish": "Adobo,Lechon (both unofficial)",
		"population": "104,918,090",
		"location": "Southeast Asia"
	},
	{
		"country": "Pitcairn",
		"calling_code": "N/A",
		"abbreviation": "PY",
		"city": "Adamstown",
		"continent": "Oceania",
		"currency_code": "NZD",
		"tld": ".pn",
		"government": "Dependent Territory of the UK",
		"population": "50",
		"location": "Polynesia"
	},
	{
		"country": "Poland",
		"calling_code": "48",
		"abbreviation": "PE",
		"city": "Warszawa",
		"continent": "Europe",
		"currency_code": "PLN",
		"currency_name": "Polish Zloty",
		"tld": ".pl",
		"government": "Republic",
		"independence": "1918",
		"expectancy": "73.2",
		"dish": "Bigos, Pierogi,Kotlet schabowy, Żurek",
		"population": "38,170,712",
		"location": "Eastern Europe"
	},
	{
		"country": "Portugal",
		"calling_code": "351",
		"abbreviation": "PH",
		"city": "Lisboa",
		"continent": "Europe",
		"currency_code": "EUR",
		"currency_name": "Euro",
		"tld": ".pt",
		"government": "Republic",
		"independence": "1143",
		"expectancy": "75.8",
		"dish": "Bacalhau",
		"population": "10,329,506",
		"location": "Southern Europe"
	},
	{
		"country": "Puerto Rico",
		"calling_code": "1939",
		"abbreviation": "PN",
		"city": "San Juan",
		"continent": "North America",
		"currency_code": "USD",
		"currency_name": "US Dollar",
		"tld": ".pr",
		"government": "Commonwealth of the US",
		"expectancy": "75.6",
		"dish": "Arroz con gandules, Mofongo",
		"population": "3,663,131",
		"location": "Caribbean"
	},
	{
		"country": "Qatar",
		"calling_code": "974",
		"abbreviation": "PL",
		"city": "Doha",
		"continent": "Asia",
		"currency_code": "QAR",
		"currency_name": "Qatari Rial",
		"tld": ".qa",
		"government": "Monarchy",
		"independence": "1971",
		"expectancy": "72.4",
		"population": "2,639,211",
		"location": "Middle East"
	},
	{
		"country": "Reunion",
		"calling_code": "262",
		"abbreviation": "PT",
		"city": "Saint-Denis",
		"continent": "Africa",
		"currency_code": "EUR",
		"tld": ".re",
		"government": "Overseas Department of France",
		"expectancy": "72.7",
		"population": "699,000",
		"location": "Eastern Africa"
	},
	{
		"country": "Romania",
		"calling_code": "40",
		"abbreviation": "PR",
		"city": "Bucuresti",
		"continent": "Europe",
		"currency_code": "RON",
		"currency_name": "Romanian New Leu",
		"tld": ".ro",
		"government": "Republic",
		"independence": "1878",
		"expectancy": "69.9",
		"dish": "Mămăligă, Sarmale, Mici",
		"population": "19,679,306",
		"location": "Eastern Europe"
	},
	{
		"country": "Russian Federation",
		"calling_code": "7",
		"abbreviation": "QA",
		"city": "Moscow",
		"continent": "Europe",
		"currency_code": "RUB",
		"tld": ".ru",
		"government": "Federal Republic",
		"independence": "1991",
		"expectancy": "67.2",
		"population": "143,989,754",
		"location": "Eastern Europe"
	},
	{
		"country": "Rwanda",
		"calling_code": "250",
		"abbreviation": "RE",
		"city": "Kigali",
		"continent": "Africa",
		"currency_code": "RWF",
		"currency_name": "Rwanda Franc",
		"tld": ".rw",
		"government": "Republic",
		"independence": "1962",
		"expectancy": "39.3",
		"population": "12,208,407",
		"location": "Eastern Africa"
	},
	{
		"country": "Saint Helena",
		"calling_code": "290",
		"abbreviation": "RO",
		"city": "Jamestown",
		"continent": "Africa",
		"currency_code": "SHP",
		"currency_name": "St. Helena Pound",
		"tld": ".sh",
		"government": "Dependent Territory of the UK",
		"expectancy": "76.8",
		"population": "4,049",
		"location": "Western Africa"
	},
	{
		"country": "Saint Kitts and Nevis",
		"calling_code": "1869",
		"abbreviation": "RU",
		"city": "Basseterre",
		"continent": "North America",
		"currency_code": "XCD",
		"tld": ".kn",
		"government": "Constitutional Monarchy",
		"independence": "1983",
		"expectancy": "70.7",
		"population": "55,345",
		"location": "Caribbean"
	},
	{
		"country": "Saint Lucia",
		"calling_code": "1758",
		"abbreviation": "RW",
		"city": "Castries",
		"continent": "North America",
		"currency_code": "XCD",
		"currency_name": "East Caribbean Dollar",
		"tld": ".lc",
		"government": "Constitutional Monarchy",
		"independence": "1979",
		"expectancy": "72.3",
		"population": "178,844",
		"location": "Caribbean"
	},
	{
		"country": "Saint Pierre and Miquelon",
		"calling_code": "508",
		"abbreviation": "SH",
		"city": "Saint-Pierre",
		"continent": "North America",
		"currency_code": "EUR",
		"currency_name": " Euro",
		"tld": ".pm",
		"government": "Territorial Collectivity of France",
		"expectancy": "77.6",
		"population": "6,320",
		"location": "North America"
	},
	{
		"country": "Saint Vincent and the Grenadines",
		"calling_code": "1784",
		"abbreviation": "KN",
		"city": "Kingstown",
		"continent": "North America",
		"currency_code": "XCD",
		"currency_name": "East Caribbean Dollar",
		"tld": ".vc",
		"government": "Constitutional Monarchy",
		"independence": "1979",
		"expectancy": "72.3",
		"population": "109,897",
		"location": "Caribbean"
	},
	{
		"country": "Samoa",
		"calling_code": "685",
		"abbreviation": "LC",
		"city": "Apia",
		"continent": "Oceania",
		"currency_code": "WST",
		"currency_name": "Samoan Tala",
		"tld": ".ws",
		"government": "Parlementary Monarchy",
		"independence": "1962",
		"expectancy": "69.2",
		"population": "196,440",
		"location": "Polynesia"
	},
	{
		"country": "San Marino",
		"calling_code": "378",
		"abbreviation": "PM",
		"city": "San Marino",
		"continent": "Europe",
		"currency_code": "EUR",
		"currency_name": "Euro",
		"tld": ".sm",
		"government": "Republic",
		"independence": "885",
		"expectancy": "81.1",
		"dish": "Torta Tre Monti",
		"population": "33,400",
		"location": "Southern Europe"
	},
	{
		"country": "Sao Tome and Principe",
		"calling_code": "239",
		"abbreviation": "VC",
		"city": "S",
		"continent": "Africa",
		"currency_code": "STD",
		"currency_name": " Dobra",
		"tld": ".st",
		"government": "Republic",
		"independence": "1975",
		"expectancy": "65.3",
		"population": "204,327",
		"location": "Central Africa"
	},
	{
		"country": "Saudi Arabia",
		"calling_code": "966",
		"abbreviation": "WS",
		"city": "Riyadh",
		"continent": "Asia",
		"currency_code": "SAR",
		"currency_name": "Saudi Riyal",
		"tld": ".sa",
		"government": "Monarchy",
		"independence": "1932",
		"expectancy": "67.8",
		"dish": "Kabsa",
		"population": "32,938,213",
		"location": "Middle East"
	},
	{
		"country": "Scotland",
		"calling_code": "N/A",
		"abbreviation": "SM",
		"city": "Edinburgh",
		"currency_code": "GBP",
		"dish": "Haggis",
		"population": "5,438,000"
	},
	{
		"country": "Senegal",
		"calling_code": "221",
		"abbreviation": "ST",
		"city": "Dakar",
		"continent": "Africa",
		"currency_code": "XOF",
		"currency_name": "CFA Franc BCEAO",
		"tld": ".sn",
		"government": "Republic",
		"independence": "1960",
		"expectancy": "62.2",
		"dish": "Thieboudienne",
		"population": "15,850,567",
		"location": "Western Africa"
	},
	{
		"country": "Seychelles",
		"calling_code": "248",
		"abbreviation": "SA",
		"city": "Victoria",
		"continent": "Africa",
		"currency_code": "SCR",
		"currency_name": "Seychelles Rupee",
		"tld": ".sc",
		"government": "Republic",
		"independence": "1976",
		"expectancy": "70.4",
		"population": "94,737",
		"location": "Eastern Africa"
	},
	{
		"country": "Sierra Leone",
		"calling_code": "232",
		"abbreviation": "SN",
		"city": "Freetown",
		"continent": "Africa",
		"currency_code": "SLL",
		"currency_name": "Sierra Leone Leone",
		"tld": ".sl",
		"government": "Republic",
		"independence": "1961",
		"expectancy": "45.3",
		"population": "7,557,212",
		"location": "Western Africa"
	},
	{
		"country": "Singapore",
		"calling_code": "65",
		"abbreviation": "RS",
		"city": "Singapore",
		"continent": "Asia",
		"currency_code": "SGD",
		"currency_name": "Singapore Dollar",
		"tld": ".sg",
		"government": "Republic",
		"independence": "1965",
		"expectancy": "80.1",
		"dish": "Chilli crab,Hainanese Chicken Rice",
		"population": "5,708,844",
		"location": "Southeast Asia"
	},
	{
		"country": "Slovakia",
		"calling_code": "421",
		"abbreviation": "SC",
		"city": "Bratislava",
		"continent": "Europe",
		"currency_code": "EUR",
		"currency_name": "Euro",
		"tld": ".sk",
		"government": "Republic",
		"independence": "1993",
		"expectancy": "73.7",
		"dish": "Bryndzové halušky",
		"population": "5,447,662",
		"location": "Eastern Europe"
	},
	{
		"country": "Slovenia",
		"calling_code": "386",
		"abbreviation": "SL",
		"city": "Ljubljana",
		"continent": "Europe",
		"currency_code": "EUR",
		"currency_name": "Euro",
		"tld": ".si",
		"government": "Republic",
		"independence": "1991",
		"expectancy": "74.9",
		"dish": "Ajdovi žganci, Belokranjska povitica, Obara",
		"population": "2,079,976",
		"location": "Southern Europe"
	},
	{
		"country": "Solomon Islands",
		"calling_code": "677",
		"abbreviation": "SG",
		"city": "Honiara",
		"continent": "Oceania",
		"currency_code": "SBD",
		"currency_name": "Solomon Islands Dollar",
		"tld": ".sb",
		"government": "Constitutional Monarchy",
		"independence": "1978",
		"expectancy": "71.3",
		"population": "611,343",
		"location": "Melanesia"
	},
	{
		"country": "Somalia",
		"calling_code": "252",
		"abbreviation": "SK",
		"city": "Mogadishu",
		"continent": "Africa",
		"currency_code": "SOS",
		"currency_name": "Somali Shilling",
		"tld": ".so",
		"government": "Republic",
		"independence": "1960",
		"expectancy": "46.2",
		"dish": "Canjeero with goat stew",
		"population": "14,742,523",
		"location": "Eastern Africa"
	},
	{
		"country": "South Africa",
		"calling_code": "27",
		"abbreviation": "SI",
		"city": "Pretoria",
		"continent": "Africa",
		"currency_code": "ZAR",
		"currency_name": "South African Rand",
		"tld": ".za",
		"government": "Republic",
		"independence": "1910",
		"expectancy": "51.1",
		"dish": "Bobotie",
		"population": "56,717,156",
		"location": "Southern Africa"
	},
	{
		"country": "South Georgia and the South Sandwich Islands",
		"calling_code": "500",
		"abbreviation": "SB",
		"continent": "Antarctica",
		"currency_code": "GBP",
		"currency_name": "Pound Sterling",
		"tld": ".gs",
		"government": "Dependent Territory of the UK",
		"location": "Antarctica"
	},
	{
		"country": "South Korea",
		"calling_code": "N/A",
		"abbreviation": "SO",
		"city": "Seoul",
		"continent": "Asia",
		"currency_code": "KRW",
		"currency_name": "Korean Won",
		"tld": ".kr",
		"government": "Republic",
		"independence": "1948",
		"expectancy": "74.4",
		"dish": "Kimchi, bulgogi",
		"population": "50,982,212",
		"location": "Eastern Asia"
	},
	{
		"country": "South Sudan",
		"calling_code": "211",
		"abbreviation": "ZA",
		"city": "Juba",
		"continent": "Africa",
		"currency_code": "SSP",
		"currency_name": "South Sudan Pound",
		"tld": ".ss",
		"independence": "2011",
		"population": "12,575,714",
		"location": "Eastern Africa"
	},
	{
		"country": "Spain",
		"calling_code": "34",
		"abbreviation": "GS",
		"city": "Madrid",
		"continent": "Europe",
		"currency_code": "EUR",
		"currency_name": "Euro",
		"tld": ".es",
		"government": "Constitutional Monarchy",
		"independence": "1492",
		"expectancy": "78.8",
		"dish": "Tortilla española",
		"population": "46,354,321",
		"location": "Southern Europe"
	},
	{
		"country": "SriLanka",
		"calling_code": "N/A",
		"abbreviation": "KR",
		"currency_code": "LKR",
		"tld": ".lk",
		"population": "20,876,917"
	},
	{
		"country": "Sudan",
		"calling_code": "249",
		"abbreviation": "SS",
		"city": "Khartum",
		"continent": "Africa",
		"currency_code": "SDG",
		"currency_name": "Sudanese Pound",
		"tld": ".sd",
		"government": "Islamic Republic",
		"independence": "1956",
		"expectancy": "56.6",
		"dish": "Ful medames",
		"population": "40,533,330",
		"location": "Northern Africa"
	},
	{
		"country": "Suriname",
		"calling_code": "597",
		"abbreviation": "ES",
		"city": "Paramaribo",
		"continent": "South America",
		"currency_code": "SRD",
		"currency_name": "Surinam Dollar",
		"tld": ".sr",
		"government": "Republic",
		"independence": "1975",
		"expectancy": "71.4",
		"population": "563,402",
		"location": "South America"
	},
	{
		"country": "Svalbard and Jan Mayen",
		"calling_code": "N/A",
		"abbreviation": "LK",
		"city": "Longyearbyen",
		"continent": "Europe",
		"currency_code": "NOK",
		"tld": ".sj",
		"government": "Dependent Territory of Norway",
		"population": "3,200",
		"location": "Nordic Countries"
	},
	{
		"country": "Swaziland",
		"calling_code": "268",
		"abbreviation": "SD",
		"city": "Mbabane",
		"continent": "Africa",
		"currency_code": "SZL",
		"currency_name": "Swaziland Lilangeni",
		"tld": ".sz",
		"government": "Monarchy",
		"independence": "1968",
		"expectancy": "40.4",
		"population": "1,008,000",
		"location": "Southern Africa"
	},
	{
		"country": "Sweden",
		"calling_code": "46",
		"abbreviation": "SR",
		"city": "Stockholm",
		"continent": "Europe",
		"currency_code": "SEK",
		"currency_name": "Swedish Krona",
		"tld": ".se",
		"government": "Constitutional Monarchy",
		"independence": "836",
		"expectancy": "79.6",
		"dish": "Köttbullar, Kräftskiva,Surströmming,Ostkaka",
		"population": "9,910,701",
		"location": "Nordic Countries"
	},
	{
		"country": "Switzerland",
		"calling_code": "41",
		"abbreviation": "SJ",
		"city": "Bern",
		"continent": "Europe",
		"currency_code": "CHF",
		"currency_name": "Swiss Franc",
		"tld": ".ch",
		"government": "Federation",
		"independence": "1499",
		"expectancy": "79.6",
		"dish": "Cervelat,Fondue, Rösti",
		"population": "8,476,005",
		"location": "Western Europe"
	},
	{
		"country": "Syria",
		"calling_code": "963",
		"abbreviation": "SZ",
		"city": "Damascus",
		"continent": "Asia",
		"currency_code": "SYP",
		"currency_name": "Syrian Pound",
		"tld": ".sy",
		"government": "Republic",
		"independence": "1941",
		"expectancy": "68.5",
		"dish": "Kibbeh",
		"population": "18,269,868",
		"location": "Middle East"
	},
	{
		"country": "Tajikistan",
		"calling_code": "992",
		"abbreviation": "SE",
		"city": "Dushanbe",
		"continent": "Asia",
		"currency_code": "TJS",
		"currency_name": "Tajik Somoni",
		"tld": ".tj",
		"government": "Republic",
		"independence": "1991",
		"expectancy": "64.1",
		"dish": "O'sh (pilaf)",
		"population": "8,921,343",
		"location": "Southern and Central Asia"
	},
	{
		"country": "Tanzania",
		"calling_code": "255",
		"abbreviation": "CH",
		"city": "Dodoma",
		"continent": "Africa",
		"currency_code": "TZS",
		"currency_name": "Tanzanian Shilling",
		"tld": ".tz",
		"government": "Republic",
		"independence": "1961",
		"expectancy": "52.3",
		"dish": "Ugali",
		"population": "57,310,019",
		"location": "Eastern Africa"
	},
	{
		"country": "Thailand",
		"calling_code": "66",
		"abbreviation": "SY",
		"city": "Bangkok",
		"continent": "Asia",
		"currency_code": "THB",
		"currency_name": "Thai Baht",
		"tld": ".th",
		"government": "Constitutional Monarchy",
		"independence": "1350",
		"expectancy": "68.6",
		"dish": "Pad Thai, Tom Yum Goong",
		"population": "69,037,513",
		"location": "Southeast Asia"
	},
	{
		"country": "The Democratic Republic of Congo",
		"calling_code": "N/A",
		"abbreviation": "TJ",
		"currency_code": "CDF",
		"tld": ".cd"
	},
	{
		"country": "Togo",
		"calling_code": "228",
		"abbreviation": "TZ",
		"city": "Lom",
		"continent": "Africa",
		"currency_code": "XOF",
		"currency_name": "CFA Franc BCEAO",
		"tld": ".tg",
		"government": "Republic",
		"independence": "1960",
		"expectancy": "54.7",
		"population": "7,797,694",
		"location": "Western Africa"
	},
	{
		"country": "Tokelau",
		"calling_code": "690",
		"abbreviation": "TH",
		"city": "Fakaofo",
		"continent": "Oceania",
		"currency_code": "NZD",
		"currency_name": "New Zealand Dollar",
		"tld": ".tk",
		"government": "Nonmetropolitan Territory of New Zealand",
		"population": "1,300",
		"location": "Polynesia"
	},
	{
		"country": "Tonga",
		"calling_code": "676",
		"abbreviation": "CD",
		"city": "Nuku'alofa",
		"continent": "Oceania",
		"currency_code": "TOP",
		"currency_name": "Tongan Pa'anga",
		"tld": ".to",
		"government": "Monarchy",
		"independence": "1970",
		"expectancy": "67.9",
		"population": "108,020",
		"location": "Polynesia"
	},
	{
		"country": "Trinidad and Tobago",
		"calling_code": "1868",
		"abbreviation": "TL",
		"city": "Port-of-Spain",
		"continent": "North America",
		"currency_code": "TTD",
		"currency_name": "Trinidad and Tobago Dollar",
		"tld": ".tt",
		"government": "Republic",
		"independence": "1962",
		"expectancy": "68",
		"dish": "Callaloo,Doubles",
		"population": "1,369,125",
		"location": "Caribbean"
	},
	{
		"country": "Tunisia",
		"calling_code": "216",
		"abbreviation": "TG",
		"city": "Tunis",
		"continent": "Africa",
		"currency_code": "TND",
		"currency_name": "Tunisian Dollar",
		"tld": ".tn",
		"government": "Republic",
		"independence": "1956",
		"expectancy": "73.7",
		"dish": "Couscous, Kabkabou",
		"population": "11,532,127",
		"location": "Northern Africa"
	},
	{
		"country": "Turkey",
		"calling_code": "90",
		"abbreviation": "TK",
		"city": "Ankara",
		"continent": "Asia",
		"currency_code": "TRY",
		"currency_name": "Turkish Lira",
		"tld": ".tr",
		"government": "Republic",
		"independence": "1923",
		"expectancy": "71",
		"dish": "Döner kebab, Kuru fasulye with pilav",
		"population": "80,745,020",
		"location": "Middle East"
	},
	{
		"country": "Turkmenistan",
		"calling_code": "993",
		"abbreviation": "TO",
		"city": "Ashgabat",
		"continent": "Asia",
		"currency_code": "TMT",
		"currency_name": "Manat",
		"tld": ".tm",
		"government": "Republic",
		"independence": "1991",
		"expectancy": "60.9",
		"dish": "Palaw",
		"population": "5,758,075",
		"location": "Southern and Central Asia"
	},
	{
		"country": "Turks and Caicos Islands",
		"calling_code": "1649",
		"abbreviation": "TT",
		"city": "Cockburn Town",
		"continent": "North America",
		"currency_code": "USD",
		"tld": ".tc",
		"government": "Dependent Territory of the UK",
		"expectancy": "73.3",
		"population": "35,446",
		"location": "Caribbean"
	},
	{
		"country": "Tuvalu",
		"calling_code": "688",
		"abbreviation": "TN",
		"city": "Funafuti",
		"continent": "Oceania",
		"currency_code": "AUD",
		"currency_name": "Australian Dollar",
		"tld": ".tv",
		"government": "Constitutional Monarchy",
		"independence": "1978",
		"expectancy": "66.3",
		"population": "11,192",
		"location": "Polynesia"
	},
	{
		"country": "Uganda",
		"calling_code": "256",
		"abbreviation": "TR",
		"city": "Kampala",
		"continent": "Africa",
		"currency_code": "UGX",
		"currency_name": "Uganda Shilling",
		"tld": ".ug",
		"government": "Republic",
		"independence": "1962",
		"expectancy": "42.9",
		"dish": "Matoke",
		"population": "42,862,958",
		"location": "Eastern Africa"
	},
	{
		"country": "Ukraine",
		"calling_code": "380",
		"abbreviation": "TM",
		"city": "Kyiv",
		"continent": "Europe",
		"currency_code": "UAH",
		"currency_name": "Ukraine Hryvnia",
		"tld": ".ua",
		"government": "Republic",
		"independence": "1991",
		"expectancy": "66",
		"dish": "Borscht, Varenyky",
		"population": "44,222,947",
		"location": "Eastern Europe"
	},
	{
		"country": "United Arab Emirates",
		"calling_code": "971",
		"abbreviation": "TC",
		"city": "Abu Dhabi",
		"continent": "Asia",
		"currency_code": "AED",
		"currency_name": "Arab Emirates Dirham",
		"tld": ".ae",
		"government": "Emirate Federation",
		"independence": "1971",
		"expectancy": "74.1",
		"population": "9,400,145",
		"location": "Middle East"
	},
	{
		"country": "United Kingdom",
		"calling_code": "44",
		"abbreviation": "TV",
		"city": "London",
		"continent": "Europe",
		"currency_code": "GBP",
		"tld": ".gb",
		"government": "Constitutional Monarchy",
		"independence": "1066",
		"expectancy": "77.7",
		"dish": "Fish and chips,Chicken tikka masala (Indian-British curry)",
		"population": "66,181,585",
		"location": "British Isles"
	},
	{
		"country": "United States",
		"calling_code": "1",
		"abbreviation": "UG",
		"city": "Washington",
		"continent": "North America",
		"currency_code": "USD",
		"tld": ".us",
		"government": "Federal Republic",
		"independence": "1776",
		"expectancy": "77.1",
		"dish": "Hamburger, Hot dog, Fried chicken, Buffalo wings, Apple pie",
		"population": "324,459,463",
		"location": "North America"
	},
	{
		"country": "United States Minor Outlying Islands",
		"calling_code": "N/A",
		"abbreviation": "UA",
		"continent": "Oceania",
		"currency_code": "USD",
		"government": "Dependent Territory of the US",
		"location": "Micronesia/Caribbean"
	},
	{
		"country": "Uruguay",
		"calling_code": "598",
		"abbreviation": "AE",
		"city": "Montevideo",
		"continent": "South America",
		"currency_code": "UYU",
		"currency_name": "Uruguayan Peso",
		"tld": ".uy",
		"government": "Republic",
		"independence": "1828",
		"expectancy": "75.2",
		"dish": "Asado, Chivito",
		"population": "3,456,750",
		"location": "South America"
	},
	{
		"country": "Uzbekistan",
		"calling_code": "998",
		"abbreviation": "GB",
		"city": "Toskent",
		"continent": "Asia",
		"currency_code": "UZS",
		"currency_name": "Uzbekistan Sum",
		"tld": ".uz",
		"government": "Republic",
		"independence": "1991",
		"expectancy": "63.7",
		"dish": "O'sh",
		"population": "31,910,641",
		"location": "Southern and Central Asia"
	},
	{
		"country": "Vanuatu",
		"calling_code": "678",
		"abbreviation": "US",
		"city": "Port-Vila",
		"continent": "Oceania",
		"currency_code": "VUV",
		"currency_name": "Vanuatu Vatu",
		"tld": ".vu",
		"government": "Republic",
		"independence": "1980",
		"expectancy": "60.6",
		"dish": "Lap lap",
		"population": "276,244",
		"location": "Melanesia"
	},
	{
		"country": "Venezuela",
		"calling_code": "58",
		"abbreviation": "UM",
		"city": "Caracas",
		"continent": "South America",
		"currency_code": "VEF",
		"currency_name": "Venezuelan Bolivar",
		"tld": ".ve",
		"government": "Federal Republic",
		"independence": "1811",
		"expectancy": "73.1",
		"dish": "Pabellón criollo",
		"population": "31,977,065",
		"location": "South America"
	},
	{
		"country": "Vietnam",
		"calling_code": "84",
		"abbreviation": "UY",
		"city": "Hanoi",
		"continent": "Asia",
		"currency_code": "VND",
		"currency_name": "Vietnamese Dong",
		"tld": ".vn",
		"government": "Socialistic Republic",
		"independence": "1945",
		"expectancy": "69.3",
		"dish": "Phở, Bún bò Huế",
		"population": "95,540,800",
		"location": "Southeast Asia"
	},
	{
		"country": "Virgin Islands, British",
		"calling_code": "N/A",
		"abbreviation": "UZ",
		"city": "Road Town",
		"currency_code": "USD",
		"tld": ".vg"
	},
	{
		"country": "Virgin Islands, U.S.",
		"calling_code": "N/A",
		"abbreviation": "VU",
		"city": "Charlotte Amalie",
		"currency_code": "USD",
		"tld": ".vi"
	},
	{
		"country": "Wales",
		"calling_code": "N/A",
		"abbreviation": "VE",
		"city": "Cardiff",
		"currency_code": "GBP",
		"dish": "Cawl"
	},
	{
		"country": "Wallis and Futuna",
		"calling_code": "681",
		"abbreviation": "VN",
		"city": "Mata-Utu",
		"continent": "Oceania",
		"currency_code": "XPF",
		"tld": ".wf",
		"government": "Nonmetropolitan Territory of France",
		"population": "11,773",
		"location": "Polynesia"
	},
	{
		"country": "Western Sahara",
		"calling_code": "N/A",
		"abbreviation": "VG",
		"city": "El-Aai",
		"continent": "Africa",
		"currency_code": "MAD",
		"currency_name": "Moroccan Dirham",
		"tld": ".eh",
		"government": "Occupied by Marocco",
		"expectancy": "49.8",
		"population": "552,628",
		"location": "Northern Africa"
	},
	{
		"country": "Yemen",
		"calling_code": "967",
		"abbreviation": "VI",
		"city": "Sanaa",
		"continent": "Asia",
		"currency_code": "YER",
		"currency_name": "Yemeni Rial",
		"tld": ".ye",
		"government": "Republic",
		"independence": "1918",
		"expectancy": "59.8",
		"dish": "Saltah",
		"population": "28,250,420",
		"location": "Middle East"
	},
	{
		"country": "Yugoslavia",
		"calling_code": "N/A",
		"abbreviation": "WF",
		"city": "Beograd",
		"continent": "Europe",
		"government": "Federal Republic",
		"independence": "1918",
		"expectancy": "72.4",
		"population": "10,640,000",
		"location": "Southern Europe"
	},
	{
		"country": "Zambia",
		"calling_code": "260",
		"abbreviation": "EH",
		"city": "Lusaka",
		"continent": "Africa",
		"currency_code": "ZMW",
		"currency_name": "Zambian Kwacha",
		"tld": ".zm",
		"government": "Republic",
		"independence": "1964",
		"expectancy": "37.2",
		"population": "17,094,130",
		"location": "Eastern Africa"
	},
	{
		"country": "Zimbabwe",
		"calling_code": "263",
		"abbreviation": "YE",
		"city": "Harare",
		"continent": "Africa",
		"currency_code": "ZWD",
		"currency_name": "Zimbabwe Dollar",
		"tld": ".zw",
		"government": "Republic",
		"independence": "1980",
		"expectancy": "37.8",
		"dish": "Sadza",
		"population": "16,529,904",
		"location": "Eastern Africa"
	}
]